{"length": {"attr": {"RMSE": {"M": -1.6349518515624983, "STD": 0.08666762467809722}, "R2": {"M": 0.2911496202878007, "STD": 0.03502777849791236}}, "egonet": {"RMSE": {"M": -1.785668428426299, "STD": 0.11358775695050442}, "R2": {"M": 0.15687743185006484, "STD": 0.03854597697664284}}, "louv": {"RMSE": {"M": -1.9256207953852247, "STD": 0.12527600513140424}, "R2": {"M": 0.019460000125390665, "STD": 0.036284354869460245}}, "eva": {"RMSE": {"M": -1.9163139586048465, "STD": 0.13119146782566155}, "R2": {"M": 0.0292117092827923, "STD": 0.030003316698455167}}, "lemon": {"RMSE": {"M": -1.79283082616789, "STD": 0.11056921101166274}, "R2": {"M": 0.14992406124964713, "STD": 0.059155049093052026}}, "hego": {"RMSE": {"M": -1.714075126173554, "STD": 0.10685764184547297}, "R2": {"M": 0.22186604351662326, "STD": 0.03841985158980394}}}, "arousal": {"attr": {"RMSE": {"M": -0.7358940781217657, "STD": 0.04139648206080357}, "R2": {"M": 0.5513190012484062, "STD": 0.03589672742433389}}, "egonet": {"RMSE": {"M": -0.8362615050574883, "STD": 0.032023230132024995}, "R2": {"M": 0.4207661375118164, "STD": 0.04656050875779933}}, "louv": {"RMSE": {"M": -1.050697006908409, "STD": 0.051303325293273125}, "R2": {"M": 0.08852048774276647, "STD": 0.01927519489051227}}, "eva": {"RMSE": {"M": -1.0752559243147937, "STD": 0.048350963890119114}, "R2": {"M": 0.044478155451554736, "STD": 0.03632500453499241}}, "lemon": {"RMSE": {"M": -0.7925049303484203, "STD": 0.036484852380083053}, "R2": {"M": 0.4800522151260106, "STD": 0.04254274630832993}}, "hego": {"RMSE": {"M": -0.7798372592240528, "STD": 0.04116029063443219}, "R2": {"M": 0.4966202672812865, "STD": 0.04903815467203685}}}, "valence": {"attr": {"RMSE": {"M": -0.8621869637441971, "STD": 0.0659083593275929}, "R2": {"M": 0.7077954462799456, "STD": 0.041991605428967}}, "egonet": {"RMSE": {"M": -0.8013921408295415, "STD": 0.04997346243824867}, "R2": {"M": 0.7469590929632123, "STD": 0.025507177402700944}}, "louv": {"RMSE": {"M": -1.2206722267350658, "STD": 0.0892808934091446}, "R2": {"M": 0.411833264194957, "STD": 0.07065025172670392}}, "eva": {"RMSE": {"M": -1.1626755534863478, "STD": 0.08534578418631106}, "R2": {"M": 0.4654615026472017, "STD": 0.07501612252196792}}, "lemon": {"RMSE": {"M": -0.8796438766992928, "STD": 0.05630825655334497}, "R2": {"M": 0.6934799537893553, "STD": 0.038989967474680406}}, "hego": {"RMSE": {"M": -0.7555286883776829, "STD": 0.05630224914649841}, "R2": {"M": 0.7748628693974138, "STD": 0.02855950429670463}}}, "dominance": {"attr": {"RMSE": {"M": -0.5647065788772596, "STD": 0.02614687241577815}, "R2": {"M": 0.6303621042321362, "STD": 0.05215482342123848}}, "egonet": {"RMSE": {"M": -0.6406740960614823, "STD": 0.027853208606726774}, "R2": {"M": 0.5231841380372925, "STD": 0.05648407687376686}}, "louv": {"RMSE": {"M": -0.8502542943585771, "STD": 0.04223543328374291}, "R2": {"M": 0.1692512803933032, "STD": 0.0699284548772086}}, "eva": {"RMSE": {"M": -0.8221507791623696, "STD": 0.039494228564697816}, "R2": {"M": 0.22202033139381405, "STD": 0.07778047076391895}}, "lemon": {"RMSE": {"M": -0.6512597900536712, "STD": 0.031504893459158405}, "R2": {"M": 0.5095265018858826, "STD": 0.06263877399628455}}, "hego": {"RMSE": {"M": -0.5924245746008866, "STD": 0.031106763773731467}, "R2": {"M": 0.5916011588727026, "STD": 0.06119645377557096}}}, "concreteness": {"attr": {"RMSE": {"M": -0.9948486108638666, "STD": 0.028118660789702765}, "R2": {"M": 0.5150728927803919, "STD": 0.03713065758065644}}, "egonet": {"RMSE": {"M": -1.0101306339656582, "STD": 0.04033056409552139}, "R2": {"M": 0.4982501707559829, "STD": 0.06455983811938029}}, "louv": {"RMSE": {"M": -1.2014786661974728, "STD": 0.03449847584015017}, "R2": {"M": 0.29510120656401884, "STD": 0.04557764090880158}}, "eva": {"RMSE": {"M": -1.2861801559158785, "STD": 0.030406898672614185}, "R2": {"M": 0.19246497620038774, "STD": 0.04495445032975724}}, "lemon": {"RMSE": {"M": -1.022867427398936, "STD": 0.04007951452963159}, "R2": {"M": 0.48540250189860334, "STD": 0.05234262591368424}}, "hego": {"RMSE": {"M": -0.9424042929954247, "STD": 0.03412596258484484}, "R2": {"M": 0.5632985945292684, "STD": 0.04709165605375894}}}, "semsize": {"attr": {"RMSE": {"M": -0.7123190099491984, "STD": 0.04829051433957203}, "R2": {"M": 0.522547508289726, "STD": 0.04025089219052107}}, "egonet": {"RMSE": {"M": -0.7448658711130607, "STD": 0.04362799002572305}, "R2": {"M": 0.4773317736940096, "STD": 0.0260241742380415}}, "louv": {"RMSE": {"M": -0.9628841907688317, "STD": 0.07378050528227079}, "R2": {"M": 0.13164665836520456, "STD": 0.05636643898433583}}, "eva": {"RMSE": {"M": -0.9780240580234871, "STD": 0.06107477695115714}, "R2": {"M": 0.10351195154564434, "STD": 0.030168051138524294}}, "lemon": {"RMSE": {"M": -0.7785219524272449, "STD": 0.05642322765749912}, "R2": {"M": 0.4267122100798469, "STD": 0.05063623551271623}}, "hego": {"RMSE": {"M": -0.7012599992901036, "STD": 0.04387055344896347}, "R2": {"M": 0.5367394690041365, "STD": 0.030415903815860578}}}, "gender": {"attr": {"RMSE": {"M": -0.711688258295081, "STD": 0.04626966812581618}, "R2": {"M": 0.3904172546182005, "STD": 0.026794335086132808}}, "egonet": {"RMSE": {"M": -0.6700452430489019, "STD": 0.04875033573972649}, "R2": {"M": 0.45764583242075024, "STD": 0.042368160405267266}}, "louv": {"RMSE": {"M": -0.8332294777904616, "STD": 0.046639735674376896}, "R2": {"M": 0.16384650332112635, "STD": 0.034448153591734504}}, "eva": {"RMSE": {"M": -0.8569002079976981, "STD": 0.05931045204239776}, "R2": {"M": 0.11709835417294354, "STD": 0.03664191987048118}}, "lemon": {"RMSE": {"M": -0.7353459749092388, "STD": 0.057498419928601684}, "R2": {"M": 0.353171091202257, "STD": 0.04521770437751442}}, "hego": {"RMSE": {"M": -0.6758614731819458, "STD": 0.04944897338016011}, "R2": {"M": 0.4534763581313035, "STD": 0.031927236759168316}}}, "familiarity": {"attr": {"RMSE": {"M": -0.5743531501352979, "STD": 0.03061089669279191}, "R2": {"M": 0.5407746942281845, "STD": 0.04832927541874979}}, "egonet": {"RMSE": {"M": -0.7285655080722166, "STD": 0.02829461893783702}, "R2": {"M": 0.26217222447632005, "STD": 0.04151999679651919}}, "louv": {"RMSE": {"M": -0.8341112263120462, "STD": 0.03594647955766421}, "R2": {"M": 0.037346326579556874, "STD": 0.024270192729275927}}, "eva": {"RMSE": {"M": -0.8327508866871136, "STD": 0.035515935591711054}, "R2": {"M": 0.04053331481047262, "STD": 0.01883718025701216}}, "lemon": {"RMSE": {"M": -0.6774471968032733, "STD": 0.024676303507430213}, "R2": {"M": 0.3651699313866814, "STD": 0.0495482289038486}}, "hego": {"RMSE": {"M": -0.6533498544635085, "STD": 0.023472956092976883}, "R2": {"M": 0.40808180080770046, "STD": 0.05100482532594838}}}, "polysemy": {"attr": {"RMSE": {"M": -3.756192637922078, "STD": 0.30646000447228366}, "R2": {"M": 0.2861501718257877, "STD": 0.061689943997668806}}, "egonet": {"RMSE": {"M": -4.1744343092922644, "STD": 0.3746461498741087}, "R2": {"M": 0.12001380772490818, "STD": 0.04745550095420241}}, "louv": {"RMSE": {"M": -4.416584226430946, "STD": 0.4288509059251505}, "R2": {"M": 0.015706658504783776, "STD": 0.011407383914343174}}, "eva": {"RMSE": {"M": -4.410095259139848, "STD": 0.4582132237316721}, "R2": {"M": 0.019831863061617584, "STD": 0.019809699953390377}}, "lemon": {"RMSE": {"M": -4.052261545613026, "STD": 0.3717456862951744}, "R2": {"M": 0.17307909294517546, "STD": 0.04689658323082894}}, "hego": {"RMSE": {"M": -3.924711607717208, "STD": 0.3161209760866952}, "R2": {"M": 0.21650916495027622, "STD": 0.0492942489555759}}}, "frequency": {"attr": {"RMSE": {"M": -1.0058201756046916, "STD": 0.042600036335752434}, "R2": {"M": 0.6331947428766813, "STD": 0.03120641885083089}}, "egonet": {"RMSE": {"M": -1.4290948519225288, "STD": 0.09139765503826908}, "R2": {"M": 0.2567373693346943, "STD": 0.05770394490562203}}, "louv": {"RMSE": {"M": -1.6454516047501007, "STD": 0.10112531062111488}, "R2": {"M": 0.02345398032356196, "STD": 0.02343094758668834}}, "eva": {"RMSE": {"M": -1.6371204840274665, "STD": 0.10675163259582174}, "R2": {"M": 0.033791775648752395,